Emp_ID,First_Name,Last_Name,Date of Birth,SSN,State
John Mathews,John,Mathews,02/4/1991,*** - **9165,North Dakota
Nathan Moore,Nathan,Moore,11/9/1978,*** - **7469,Maine
Amanda Douglas,Amanda,Douglas,01/8/1990,*** - **6961,Idaho
Heather Andrews,Heather,Andrews,08/1/1976,*** - **1797,Vermont
Daniel Hernandez,Daniel,Hernandez,07/2/1976,*** - **7473,Colorado
Danny Pena,Danny,Pena,01/1/1978,*** - **9878,Minnesota
Gary Knight,Gary,Knight,03/8/1994,*** - **1242,Arkansas
Robin Carroll,Robin,Carroll,10/4/1972,*** - **7194,California
Michelle Dickerson,Michelle,Dickerson,02/8/1984,*** - **2817,Tennessee
Kimberly Gallegos,Kimberly,Gallegos,08/5/1972,*** - **7563,Oregon
Morgan Parker,Morgan,Parker,01/0/1986,*** - **4320,Tennessee
Mason Rhodes,Mason,Rhodes,01/8/1977,*** - **4767,Maryland
Amy Griffin,Amy,Griffin,02/8/1973,*** - **1946,Massachusetts
Danielle House,Danielle,House,04/6/1975,*** - **9308,Maine
Charles Greene,Charles,Greene,11/8/1992,*** - **2935,Kentucky
Nicholas Martinez,Nicholas,Martinez,04/5/1979,*** - **1689,Louisiana
Tracey Meadows,Tracey,Meadows,01/2/1988,*** - **6175,Rhode Island
Renee Evans,Renee,Evans,03/4/1991,*** - **2708,Montana
Joseph Estrada,Joseph,Estrada,03/9/1984,*** - **2571,Pennsylvania
Jeremy Warner,Jeremy,Warner,10/0/1987,*** - **1184,Alabama
Anthony Rodriguez,Anthony,Rodriguez,02/9/1983,*** - **3865,Idaho
Kristen Lopez,Kristen,Lopez,01/2/1978,*** - **8194,Virginia
Mark Mcdonald,Mark,Mcdonald,06/7/1984,*** - **0101,Montana
Robert Freeman,Robert,Freeman,01/1/1984,*** - **5211,Arkansas
Michael Reynolds,Michael,Reynolds,10/0/1994,*** - **8507,California
Kristine Little,Kristine,Little,07/0/1974,*** - **1771,South Dakota
April Barnes,April,Barnes,02/5/1983,*** - **3288,Rhode Island
Pamela Hodges,Pamela,Hodges,02/9/1989,*** - **1423,Utah
Ronald Gilbert,Ronald,Gilbert,05/6/1974,*** - **4448,Wyoming
Thomas Cooper,Thomas,Cooper,08/7/1972,*** - **9890,Colorado
Dakota Harrington,Dakota,Harrington,08/4/1972,*** - **7188,Virginia
Jennifer Porter,Jennifer,Porter,01/0/1991,*** - **5572,Wisconsin
Beverly Jordan,Beverly,Jordan,08/5/1986,*** - **3762,New Mexico
Mark Brown,Mark,Brown,04/2/1975,*** - **8531,California
Amy Ford,Amy,Ford,06/5/1974,*** - **6461,North Carolina
Benjamin King,Benjamin,King,05/7/1973,*** - **8165,Rhode Island
Stephen Bryant,Stephen,Bryant,05/5/1991,*** - **6488,South Dakota
Brandi Williams,Brandi,Williams,10/5/1989,*** - **8500,Maryland
Ashley Hutchinson,Ashley,Hutchinson,04/6/1994,*** - **1510,South Carolina
Alisha Pacheco,Alisha,Pacheco,01/3/1982,*** - **2496,Michigan
Robert Campbell,Robert,Campbell,02/7/1973,*** - **9581,South Dakota
Sandra Sanders,Sandra,Sanders,10/6/1980,*** - **1673,Rhode Island
Katherine Hensley,Katherine,Hensley,05/9/1991,*** - **7226,Connecticut
Stacy Cox,Stacy,Cox,11/8/1976,*** - **0990,Alabama
Frank Barton,Frank,Barton,06/0/1993,*** - **5568,Massachusetts
Shannon Kramer,Shannon,Kramer,05/4/1980,*** - **7615,South Carolina
Brenda James,Brenda,James,12/1/1977,*** - **3251,Hawaii
Paula Edwards,Paula,Edwards,08/0/1988,*** - **0638,Kansas
Jennifer Rowe,Jennifer,Rowe,09/6/1980,*** - **9014,New York
David Foster,David,Foster,01/9/1990,*** - **6956,Missouri
William Boyle,William,Boyle,01/0/1988,*** - **0490,Arkansas
Christopher Greene,Christopher,Greene,05/9/1972,*** - **8446,Idaho
Matthew Fuller,Matthew,Fuller,04/7/1980,*** - **2989,Mississippi
Gabriela Nguyen,Gabriela,Nguyen,12/7/1981,*** - **3729,Washington
Allison Diaz,Allison,Diaz,03/5/1994,*** - **8927,Arkansas
Isaac Jordan,Isaac,Jordan,05/6/1986,*** - **0520,Texas
Cheryl Bailey,Cheryl,Bailey,10/1/1991,*** - **1224,North Carolina
Julie Castillo,Julie,Castillo,02/6/1988,*** - **4523,Alaska
Michael Adams,Michael,Adams,12/0/1986,*** - **3927,Florida
Melinda Parsons,Melinda,Parsons,02/7/1986,*** - **8751,Nebraska
Robert Campbell,Robert,Campbell,01/7/1987,*** - **3694,Delaware
Julie Nelson,Julie,Nelson,08/8/1994,*** - **1332,South Dakota
Steven Nelson,Steven,Nelson,04/4/1989,*** - **2085,Vermont
Hailey Lynn,Hailey,Lynn,03/5/1973,*** - **9488,California
Dillon Nguyen,Dillon,Nguyen,05/6/1978,*** - **4552,Illinois
Hannah Miller,Hannah,Miller,10/8/1973,*** - **4657,New York
Jeffrey Harris,Jeffrey,Harris,05/5/1994,*** - **4763,Kentucky
Daniel Welch,Daniel,Welch,08/8/1982,*** - **6950,Illinois
Bryan Jackson,Bryan,Jackson,09/8/1982,*** - **8117,Maryland
Denise George,Denise,George,09/7/1990,*** - **4879,Wisconsin
Alicia Carney,Alicia,Carney,09/0/1989,*** - **9437,Ohio
William Peters,William,Peters,03/0/1986,*** - **7516,Kentucky
Dustin Drake,Dustin,Drake,09/7/1993,*** - **5454,West Virginia
Jessica Thornton,Jessica,Thornton,01/3/1983,*** - **2381,Kansas
Rebecca Wilson,Rebecca,Wilson,06/8/1980,*** - **6629,Michigan
Katherine Lane,Katherine,Lane,11/1/1986,*** - **6820,New Hampshire
Sarah Harper,Sarah,Harper,07/7/1993,*** - **5891,Alaska
Jermaine Hill,Jermaine,Hill,09/1/1988,*** - **5479,New Jersey
Michael Marshall,Michael,Marshall,04/5/1990,*** - **5125,Michigan
Kirsten Mcbride,Kirsten,Mcbride,09/0/1973,*** - **2372,Iowa
Rachael Holmes,Rachael,Holmes,07/0/1973,*** - **2067,Georgia
Leon Foster,Leon,Foster,09/9/1975,*** - **3153,South Carolina
David Mcclain,David,Mcclain,08/2/1976,*** - **5430,Ohio
Emily Lawrence,Emily,Lawrence,11/4/1991,*** - **1991,Tennessee
Troy Booth,Troy,Booth,12/7/1990,*** - **5141,Tennessee
Stephanie Ho,Stephanie,Ho,04/5/1983,*** - **3656,Kansas
Michele Hendricks,Michele,Hendricks,03/0/1990,*** - **7341,Mississippi
Eric Harper,Eric,Harper,11/2/1986,*** - **2860,Nevada
Jonathan Gomez,Jonathan,Gomez,06/5/1993,*** - **4727,South Dakota
Kevin Garcia,Kevin,Garcia,11/5/1977,*** - **4722,Nevada
Howard Lawson,Howard,Lawson,04/3/1984,*** - **7664,Michigan
Stacy Robertson,Stacy,Robertson,09/4/1974,*** - **0248,Wyoming
John Beck,John,Beck,07/7/1985,*** - **3635,Arkansas
Julia Morgan,Julia,Morgan,03/8/1976,*** - **1731,Wisconsin
Allen Leon,Allen,Leon,04/6/1975,*** - **9089,Michigan
James Rios,James,Rios,03/4/1978,*** - **3987,Idaho
Ralph Wells,Ralph,Wells,10/9/1988,*** - **4237,Kansas
Megan Chavez,Megan,Chavez,10/8/1991,*** - **7659,Connecticut
Ashley Patrick,Ashley,Patrick,06/7/1974,*** - **0763,Wyoming
Bonnie Bowen,Bonnie,Bowen,11/7/1993,*** - **5889,Idaho
Andrew Lawson,Andrew,Lawson,04/5/1982,*** - **7313,Montana
Tonya Chavez,Tonya,Chavez,04/7/1984,*** - **5703,Montana
Michelle Larson,Michelle,Larson,03/0/1980,*** - **3866,Florida
Mark Garrett,Mark,Garrett,09/8/1985,*** - **4408,Wyoming
Chelsea Rivera,Chelsea,Rivera,06/1/1987,*** - **0140,New Hampshire
Amanda Krause,Amanda,Krause,11/6/1977,*** - **4744,Illinois
Paige Spencer,Paige,Spencer,09/2/1991,*** - **8621,New York
Rhonda Gonzales,Rhonda,Gonzales,06/7/1976,*** - **4110,Idaho
Jasmine Kelly,Jasmine,Kelly,06/0/1979,*** - **3251,Minnesota
Amy Sherman,Amy,Sherman,08/4/1973,*** - **6029,New Jersey
David Arroyo,David,Arroyo,04/6/1975,*** - **9403,Florida
Robert Lin,Robert,Lin,11/2/1975,*** - **0121,Arizona
Paul Wilson,Paul,Wilson,06/9/1993,*** - **9871,Iowa
Paul Meyers,Paul,Meyers,03/3/1989,*** - **1680,Hawaii
Jessica Elliott,Jessica,Elliott,06/4/1978,*** - **1632,Ohio
Anthony Richmond,Anthony,Richmond,10/5/1989,*** - **8935,Arkansas
William Rivera,William,Rivera,03/8/1975,*** - **7032,South Dakota
Sheri Villegas,Sheri,Villegas,02/3/1985,*** - **8629,Oregon
Kelly Hopkins,Kelly,Hopkins,10/8/1984,*** - **6875,Hawaii
Darren Farrell,Darren,Farrell,05/4/1991,*** - **5885,California
Darlene Harmon,Darlene,Harmon,05/5/1980,*** - **3052,West Virginia
Rachel Lyons,Rachel,Lyons,08/9/1972,*** - **0900,Maine
David Jacobs,David,Jacobs,02/8/1982,*** - **3682,Florida
Christina Weeks,Christina,Weeks,10/5/1972,*** - **2028,Pennsylvania
Andrea Anderson,Andrea,Anderson,11/2/1984,*** - **5650,Connecticut
Jennifer Smith,Jennifer,Smith,01/1/1989,*** - **1748,Georgia
Shirley Andrews,Shirley,Andrews,12/7/1981,*** - **5306,Ohio
Adrian Rivera,Adrian,Rivera,02/3/1973,*** - **5638,Massachusetts
George Mckinney,George,Mckinney,02/4/1984,*** - **7748,Utah
Hailey Boyd,Hailey,Boyd,11/7/1980,*** - **0270,New York
Tiffany Harris,Tiffany,Harris,01/2/1983,*** - **9733,West Virginia
Mary Hunter,Mary,Hunter,11/1/1977,*** - **6623,Texas
Robert Edwards,Robert,Edwards,04/7/1980,*** - **5215,Georgia
Barbara Lambert,Barbara,Lambert,09/7/1979,*** - **5353,Idaho
Angela Armstrong,Angela,Armstrong,03/2/1990,*** - **2446,New York
Brett Ward,Brett,Ward,09/7/1979,*** - **0204,Minnesota
Troy Sanchez,Troy,Sanchez,11/5/1990,*** - **2052,Oklahoma
Garrett Carter,Garrett,Carter,09/6/1988,*** - **7246,California
James Reeves,James,Reeves,01/1/1988,*** - **1620,Indiana
Mary Baker,Mary,Baker,07/8/1979,*** - **0954,Michigan
Alexandra Bradley,Alexandra,Bradley,06/3/1980,*** - **9390,Alabama
Aaron James,Aaron,James,03/5/1974,*** - **4596,Oregon
Thomas Wood,Thomas,Wood,08/1/1979,*** - **8269,Tennessee
Charlene Jackson,Charlene,Jackson,10/8/1989,*** - **8809,Wyoming
Mary Robbins,Mary,Robbins,12/1/1975,*** - **9514,Florida
Kayla Washington,Kayla,Washington,10/8/1985,*** - **6218,Connecticut
Kimberly Knapp,Kimberly,Knapp,11/3/1992,*** - **1122,Colorado
Nicholas Brown,Nicholas,Brown,09/8/1988,*** - **2869,South Carolina
Rebecca Marshall,Rebecca,Marshall,05/6/1974,*** - **1020,Pennsylvania
Mark Smith,Mark,Smith,07/7/1979,*** - **5381,North Dakota
Adam Harrell,Adam,Harrell,10/8/1981,*** - **0742,West Virginia
Steve Daniels,Steve,Daniels,09/4/1980,*** - **3537,Colorado
Victoria Potter,Victoria,Potter,03/5/1988,*** - **4290,Utah
Kathy Preston,Kathy,Preston,03/6/1990,*** - **9960,Louisiana
Michael Donaldson,Michael,Donaldson,01/1/1995,*** - **7624,California
Brian Bridges,Brian,Bridges,02/2/1976,*** - **4546,Minnesota
Martha Gonzalez,Martha,Gonzalez,01/7/1981,*** - **8342,Kansas
Paul Rogers,Paul,Rogers,01/0/1992,*** - **6284,Montana
Dawn Galvan,Dawn,Galvan,09/3/1989,*** - **8058,Tennessee
Amber West,Amber,West,01/9/1978,*** - **7363,North Dakota
Christopher Guerrero,Christopher,Guerrero,01/9/1983,*** - **4036,Wyoming
Stacy Brooks,Stacy,Brooks,06/7/1991,*** - **4661,South Carolina
Danielle Kaiser,Danielle,Kaiser,08/1/1975,*** - **9764,Alabama
Taylor Boyle,Taylor,Boyle,09/6/1979,*** - **9756,Maryland
Donna Howard,Donna,Howard,12/6/1978,*** - **3416,California
Anne Rios,Anne,Rios,11/6/1974,*** - **6513,Hawaii
Theresa Barnes,Theresa,Barnes,09/8/1976,*** - **2054,Connecticut
Lori Tate,Lori,Tate,03/8/1977,*** - **9123,New Mexico
Alexandria Baker,Alexandria,Baker,11/2/1974,*** - **3200,Nevada
Stephen Hensley,Stephen,Hensley,09/0/1978,*** - **5372,Georgia
Jennifer Fischer,Jennifer,Fischer,11/9/1983,*** - **5609,Utah
Pamela Robinson,Pamela,Robinson,02/1/1981,*** - **4275,New Mexico
Brendan Gonzalez,Brendan,Gonzalez,08/2/1991,*** - **9993,South Carolina
Richard Turner,Richard,Turner,12/4/1982,*** - **9924,Tennessee
Michael Robinson,Michael,Robinson,10/2/1973,*** - **2355,Illinois
Patricia Sharp,Patricia,Sharp,07/3/1987,*** - **0306,Maryland
Elizabeth Avila,Elizabeth,Avila,03/5/1977,*** - **8453,New Hampshire
Christopher Martinez,Christopher,Martinez,12/8/1978,*** - **8774,Connecticut
Isaac Woods,Isaac,Woods,03/0/1984,*** - **6227,Alaska
Adriana Wolf,Adriana,Wolf,10/7/1994,*** - **1702,Oregon
David Pearson,David,Pearson,06/4/1982,*** - **1781,Alabama
Matthew Kramer,Matthew,Kramer,05/4/1988,*** - **4860,Rhode Island
Pamela Archer,Pamela,Archer,10/5/1987,*** - **2625,West Virginia
Charles Stout,Charles,Stout,12/5/1976,*** - **1997,Kansas
Daniel Boyd,Daniel,Boyd,07/8/1978,*** - **1220,New York
Jimmy Jones,Jimmy,Jones,02/9/1973,*** - **2030,Massachusetts
Rebecca Hammond,Rebecca,Hammond,02/1/1972,*** - **2706,Louisiana
Emily Diaz,Emily,Diaz,12/4/1986,*** - **9174,Alaska
Chad Wise,Chad,Wise,11/0/1988,*** - **1355,Colorado
Todd Duran,Todd,Duran,01/4/1976,*** - **1832,Kentucky
Brian Mclaughlin,Brian,Mclaughlin,09/1/1987,*** - **2876,Pennsylvania
Katherine Rogers,Katherine,Rogers,05/3/1988,*** - **9500,Maine
Joseph Adams,Joseph,Adams,01/8/1979,*** - **7778,Wisconsin
David Lowery,David,Lowery,10/1/1987,*** - **7963,Utah
Janice Young,Janice,Young,07/7/1988,*** - **4863,Washington
Anna Matthews,Anna,Matthews,02/9/1991,*** - **4474,Tennessee
Katie Garcia,Katie,Garcia,03/2/1983,*** - **8462,Alaska
Maria Estrada,Maria,Estrada,04/0/1990,*** - **8108,Louisiana
Ashley Smith,Ashley,Smith,07/6/1983,*** - **8720,Texas
Amy Wright,Amy,Wright,10/5/1991,*** - **8641,California
Heather Scott,Heather,Scott,08/0/1982,*** - **0361,New Hampshire
John Anderson,John,Anderson,05/0/1973,*** - **6681,New York
John Anderson,John,Anderson,01/7/1983,*** - **7935,Utah
Kimberly Harris,Kimberly,Harris,10/1/1988,*** - **5459,Iowa
Christopher Smith,Christopher,Smith,11/3/1976,*** - **2521,Wisconsin
Daniel Singh,Daniel,Singh,12/5/1980,*** - **7521,Virginia
Miranda Nguyen,Miranda,Nguyen,08/2/1981,*** - **2585,Maine
Gregory Simpson,Gregory,Simpson,07/9/1990,*** - **9365,Colorado
Daniel Brown,Daniel,Brown,04/9/1984,*** - **6526,New Mexico
Susan Thompson,Susan,Thompson,05/7/1985,*** - **6074,Tennessee
Rick Johns,Rick,Johns,07/0/1984,*** - **7121,Nevada
Sean Calhoun,Sean,Calhoun,07/1/1978,*** - **2261,South Dakota
Alan Holden,Alan,Holden,11/6/1994,*** - **6916,Pennsylvania
Robin Silva,Robin,Silva,07/4/1987,*** - **0453,Alaska
Nicole Conrad,Nicole,Conrad,06/2/1985,*** - **6985,South Dakota
Deanna Russell,Deanna,Russell,07/9/1972,*** - **9236,Maryland
Joshua Bailey,Joshua,Bailey,07/0/1986,*** - **4031,West Virginia
Daniel Patrick,Daniel,Patrick,10/5/1972,*** - **8777,Georgia
William Smith,William,Smith,06/4/1990,*** - **0654,Arkansas
Kristin Grant,Kristin,Grant,08/3/1980,*** - **9693,West Virginia
Kimberly Velasquez,Kimberly,Velasquez,01/0/1989,*** - **4229,Georgia
Michael Dalton,Michael,Dalton,03/8/1994,*** - **2101,Wisconsin
Jason Shaw,Jason,Shaw,11/1/1985,*** - **4765,Kentucky
Jonathon Olson,Jonathon,Olson,07/8/1985,*** - **7767,South Carolina
Andrea Perry,Andrea,Perry,02/1/1986,*** - **8897,Colorado
Anthony Nguyen,Anthony,Nguyen,10/9/1986,*** - **8472,Wisconsin
Anthony Christensen,Anthony,Christensen,05/3/1983,*** - **8703,Ohio
Paul Murphy,Paul,Murphy,07/8/1975,*** - **9454,New Jersey
Susan Stewart,Susan,Stewart,04/3/1989,*** - **2712,Georgia
Scott Warren,Scott,Warren,06/4/1985,*** - **3723,Ohio
Jennifer Avery,Jennifer,Avery,08/8/1987,*** - **5062,Louisiana
Alexander Vaughan,Alexander,Vaughan,08/2/1988,*** - **8562,Michigan
Laura Parker,Laura,Parker,12/5/1973,*** - **6879,Colorado
Derek Harrington,Derek,Harrington,09/5/1990,*** - **2836,Arkansas
Daniel Wells,Daniel,Wells,08/7/1994,*** - **7268,California
Kelly Phillips,Kelly,Phillips,11/5/1987,*** - **1324,Michigan
Lauren Bennett,Lauren,Bennett,06/5/1985,*** - **4874,Iowa
Aaron Wolf,Aaron,Wolf,04/9/1978,*** - **1149,Wyoming
Julia Wright,Julia,Wright,09/4/1980,*** - **6702,Colorado
Cheryl Dennis,Cheryl,Dennis,06/6/1986,*** - **0712,Texas
Donna Lopez,Donna,Lopez,02/2/1985,*** - **5711,Delaware
Matthew Gibbs,Matthew,Gibbs,06/2/1984,*** - **9698,Idaho
Nancy Mitchell,Nancy,Mitchell,02/2/1988,*** - **9365,Georgia
Ashley Bullock,Ashley,Bullock,07/3/1983,*** - **5394,Mississippi
Andrew Moore,Andrew,Moore,01/3/1982,*** - **5178,Idaho
Joseph Martinez,Joseph,Martinez,10/5/1973,*** - **9409,New Hampshire
Yvette Rodriguez,Yvette,Rodriguez,09/1/1985,*** - **8123,Oregon
Carrie Barber,Carrie,Barber,11/9/1977,*** - **3083,Louisiana
Ashley Sherman,Ashley,Sherman,10/1/1984,*** - **1501,Nebraska
Craig Garcia,Craig,Garcia,08/8/1994,*** - **3695,Pennsylvania
Jerome Brown,Jerome,Brown,07/0/1992,*** - **9456,Maryland
Kevin Beck,Kevin,Beck,03/9/1981,*** - **7304,Tennessee
Travis Hansen,Travis,Hansen,07/8/1981,*** - **6746,Delaware
Rodney Cook,Rodney,Cook,12/5/1994,*** - **6232,Rhode Island
Theresa Brown,Theresa,Brown,02/0/1993,*** - **3478,Minnesota
Wayne Mercer,Wayne,Mercer,09/1/1989,*** - **7254,Massachusetts
Mary Lee,Mary,Lee,04/2/1982,*** - **7361,Ohio
Matthew Martin,Matthew,Martin,07/2/1993,*** - **7803,Idaho
Lee Weber,Lee,Weber,12/3/1988,*** - **9830,California
James Wilson,James,Wilson,07/3/1977,*** - **7343,Oregon
Angela Clark,Angela,Clark,04/0/1988,*** - **3392,Minnesota
Allen Flynn,Allen,Flynn,07/5/1994,*** - **7573,New Hampshire
Darrell Coleman,Darrell,Coleman,08/4/1992,*** - **4198,Wisconsin
Patrick Wells,Patrick,Wells,08/3/1979,*** - **3209,Mississippi
Tyler Beck,Tyler,Beck,10/0/1986,*** - **1385,Hawaii
Michelle Jenkins,Michelle,Jenkins,11/9/1977,*** - **8254,Nebraska
Scott Miller,Scott,Miller,09/7/1991,*** - **3580,Wyoming
Maria Mcmillan,Maria,Mcmillan,09/7/1973,*** - **3730,Texas
Amy Waller,Amy,Waller,10/1/1980,*** - **8763,Massachusetts
Jacob Thomas,Jacob,Thomas,03/1/1976,*** - **8896,Mississippi
Amanda Jones,Amanda,Jones,07/1/1993,*** - **0691,Minnesota
Edward Padilla,Edward,Padilla,10/9/1993,*** - **5222,Pennsylvania
Debra Best,Debra,Best,02/0/1973,*** - **3320,North Dakota
Gregory Roberts,Gregory,Roberts,01/7/1986,*** - **4496,Indiana
Suzanne Wheeler,Suzanne,Wheeler,05/9/1985,*** - **2982,Wisconsin
Ann Lewis,Ann,Lewis,01/4/1976,*** - **0619,Montana
Michelle Peterson,Michelle,Peterson,06/5/1984,*** - **2154,Massachusetts
Adam Thomas,Adam,Thomas,12/0/1982,*** - **1297,Virginia
Donna Owens,Donna,Owens,09/6/1987,*** - **6696,Alabama
Pamela Lyons,Pamela,Lyons,09/7/1972,*** - **3318,Arkansas
Victor Lopez,Victor,Lopez,10/6/1987,*** - **3964,Nevada
Matthew Miller,Matthew,Miller,04/7/1979,*** - **3517,Colorado
Kevin Foster,Kevin,Foster,10/8/1985,*** - **5090,Wisconsin
Alyssa Stokes,Alyssa,Stokes,04/1/1973,*** - **2432,Ohio
Mark Saunders,Mark,Saunders,08/3/1973,*** - **2640,Vermont
Michael Chapman,Michael,Chapman,03/3/1977,*** - **6874,Oregon
Cole Farrell,Cole,Farrell,01/9/1993,*** - **7973,Indiana
Michael Estrada,Michael,Estrada,10/2/1994,*** - **2448,Ohio
Shaun Martinez,Shaun,Martinez,12/1/1982,*** - **5793,North Carolina
Victoria Moon,Victoria,Moon,01/6/1976,*** - **8604,Arizona
Brian Peters,Brian,Peters,05/7/1982,*** - **3701,Hawaii
Jose Gonzalez,Jose,Gonzalez,06/1/1992,*** - **9797,Maryland
John Paul,John,Paul,11/0/1973,*** - **7180,Kentucky
Stephanie Smith,Stephanie,Smith,04/6/1978,*** - **1286,New Hampshire
Lisa Wilson,Lisa,Wilson,11/9/1993,*** - **6950,Arizona
Cody Duran,Cody,Duran,01/5/1973,*** - **6706,New Mexico
Ann Johnson,Ann,Johnson,06/1/1981,*** - **9046,Nebraska
Paula Hernandez,Paula,Hernandez,10/2/1975,*** - **2951,California
Patrick Barber,Patrick,Barber,07/1/1991,*** - **9891,New York
Dennis Alvarado,Dennis,Alvarado,11/7/1973,*** - **4378,Montana
David Peterson,David,Peterson,06/7/1973,*** - **7312,Louisiana
Tina Williams,Tina,Williams,11/4/1987,*** - **7775,Oregon
Bridget Koch,Bridget,Koch,02/3/1973,*** - **9714,Wyoming
Adrian Hernandez,Adrian,Hernandez,09/8/1993,*** - **5101,Nebraska
Andrea Potter,Andrea,Potter,12/6/1983,*** - **6384,New Hampshire
David Williams,David,Williams,07/7/1990,*** - **6350,Massachusetts
Katherine Wright,Katherine,Wright,05/0/1987,*** - **3109,Arkansas
Kevin Taylor,Kevin,Taylor,04/9/1979,*** - **2293,New Hampshire
Latoya Mitchell,Latoya,Mitchell,03/5/1991,*** - **3607,Maine
Tricia Smith,Tricia,Smith,01/4/1992,*** - **7866,California
David Miles,David,Miles,11/6/1993,*** - **2657,Michigan
Gina Hoffman,Gina,Hoffman,03/0/1990,*** - **4213,Utah
Tamara Whitney,Tamara,Whitney,09/1/1975,*** - **9208,Missouri
John Garcia,John,Garcia,04/4/1987,*** - **3993,Texas
Craig Nunez,Craig,Nunez,06/3/1972,*** - **6566,Delaware
Desiree Ross,Desiree,Ross,07/7/1981,*** - **2608,Mississippi
Samantha Ramirez,Samantha,Ramirez,08/1/1981,*** - **7086,Maryland
David Patton,David,Patton,11/9/1978,*** - **9705,Pennsylvania
Caroline Lopez,Caroline,Lopez,08/9/1981,*** - **1325,Oklahoma
Karen Malone,Karen,Malone,09/3/1985,*** - **5442,Colorado
Daniel Wright,Daniel,Wright,12/1/1989,*** - **3803,Florida
Brent Miller,Brent,Miller,01/4/1978,*** - **9692,Hawaii
Mitchell Meyer,Mitchell,Meyer,08/1/1991,*** - **7666,Rhode Island
Annette Flores,Annette,Flores,04/9/1977,*** - **3196,Nebraska
Wendy Hendrix,Wendy,Hendrix,08/9/1983,*** - **6634,Wyoming
Alexis Cross,Alexis,Cross,08/1/1983,*** - **3694,Minnesota
Jeffrey Jones,Jeffrey,Jones,06/7/1981,*** - **1822,South Dakota
Jessica Walsh,Jessica,Walsh,06/1/1976,*** - **2907,Rhode Island
Sherry Henderson,Sherry,Henderson,02/5/1991,*** - **3768,Florida
Jennifer Johnson,Jennifer,Johnson,02/7/1978,*** - **3102,Oklahoma
Scott Ellison,Scott,Ellison,03/1/1977,*** - **8653,New Hampshire
Denise Baldwin,Denise,Baldwin,04/6/1992,*** - **7350,Alabama
Rebecca James,Rebecca,James,12/4/1980,*** - **1514,Massachusetts
Sean Gonzales,Sean,Gonzales,08/1/1981,*** - **8838,Missouri
Mary Chavez,Mary,Chavez,04/7/1990,*** - **2834,Pennsylvania
Ralph Martinez,Ralph,Martinez,02/6/1980,*** - **4024,Washington
Thomas Stone,Thomas,Stone,03/9/1973,*** - **8227,Delaware
Christopher Anderson,Christopher,Anderson,07/1/1974,*** - **1835,North Carolina
Allison Garcia,Allison,Garcia,02/8/1983,*** - **0105,Louisiana
Charles Hall,Charles,Hall,09/5/1982,*** - **7617,Pennsylvania
Lawrence Roach,Lawrence,Roach,04/3/1991,*** - **2080,Kentucky
Christopher Dougherty,Christopher,Dougherty,03/9/1978,*** - **0986,Alabama
William Small,William,Small,08/5/1990,*** - **0642,Colorado
Samuel May,Samuel,May,03/0/1988,*** - **0970,New Jersey
Brian Lopez,Brian,Lopez,02/3/1990,*** - **7558,Delaware
Amanda Clark,Amanda,Clark,07/3/1991,*** - **5043,Minnesota
Cody Taylor,Cody,Taylor,11/3/1978,*** - **3700,South Dakota
Sherry Love,Sherry,Love,03/4/1975,*** - **8685,Oregon
Christine Stone,Christine,Stone,11/7/1978,*** - **6503,Kansas
Kristy Diaz,Kristy,Diaz,03/6/1988,*** - **1032,Iowa
Amy Long,Amy,Long,07/9/1982,*** - **7292,Florida
Haley Myers,Haley,Myers,03/0/1985,*** - **0757,Maryland
Michael Holden,Michael,Holden,07/3/1975,*** - **7951,Indiana
Kelly Ferrell,Kelly,Ferrell,01/1/1982,*** - **2299,New Hampshire
Rachel Valdez,Rachel,Valdez,05/1/1985,*** - **0852,Utah
Kristine Roberson,Kristine,Roberson,03/8/1981,*** - **0956,Minnesota
Vincent Watson,Vincent,Watson,12/5/1974,*** - **8997,Rhode Island
Elizabeth Bailey,Elizabeth,Bailey,07/5/1979,*** - **7230,Michigan
Mark Mcmillan,Mark,Mcmillan,07/8/1976,*** - **2503,Michigan
Sheri Long,Sheri,Long,06/6/1978,*** - **5166,Ohio
Daniel Mccall,Daniel,Mccall,07/2/1987,*** - **5314,Nebraska
Dawn Malone,Dawn,Malone,04/9/1979,*** - **2070,Tennessee
Evan Romero,Evan,Romero,08/5/1994,*** - **3334,New Mexico
Paul Adams,Paul,Adams,04/9/1992,*** - **5765,West Virginia
Tracy Holt,Tracy,Holt,10/0/1988,*** - **1413,Alaska
Charles Wheeler,Charles,Wheeler,02/1/1972,*** - **5781,California
Ashley Harris,Ashley,Harris,08/9/1993,*** - **7070,Illinois
Roberto Schmidt,Roberto,Schmidt,02/7/1994,*** - **1763,Alabama
Margaret Barton,Margaret,Barton,10/0/1975,*** - **0973,Idaho
Michelle Diaz,Michelle,Diaz,09/5/1993,*** - **4889,Idaho
Mike Duncan,Mike,Duncan,12/5/1988,*** - **8115,Maryland
Alexandra Thomas,Alexandra,Thomas,01/2/1994,*** - **6760,South Dakota
Mark Murillo,Mark,Murillo,09/2/1976,*** - **9915,Michigan
Carol Dyer,Carol,Dyer,03/2/1989,*** - **5545,Hawaii
Daniel Williams,Daniel,Williams,11/7/1989,*** - **9146,New Hampshire
Sandra Suarez,Sandra,Suarez,09/0/1980,*** - **9548,Georgia
Sarah Hamilton,Sarah,Hamilton,07/0/1976,*** - **3104,North Dakota
Sydney Floyd,Sydney,Floyd,03/1/1981,*** - **0722,Connecticut
Jonathan Hall,Jonathan,Hall,07/1/1978,*** - **6672,Nebraska
Jennifer Kim,Jennifer,Kim,10/3/1976,*** - **9504,Minnesota
Kenneth Sanchez,Kenneth,Sanchez,10/0/1980,*** - **8921,California
Joseph Carroll,Joseph,Carroll,05/9/1975,*** - **5984,North Dakota
Jennifer Arnold,Jennifer,Arnold,10/8/1976,*** - **4368,Alabama
David Le,David,Le,08/1/1976,*** - **5444,Michigan
Jeffrey Clark,Jeffrey,Clark,06/8/1978,*** - **0316,Missouri
Jeffery Reed,Jeffery,Reed,07/9/1985,*** - **6338,New Jersey
Laura Kim,Laura,Kim,07/6/1974,*** - **3606,Pennsylvania
Derek Obrien,Derek,Obrien,06/9/1990,*** - **6123,New Hampshire
Brooke Bishop,Brooke,Bishop,12/8/1980,*** - **4107,California
Peter Miles,Peter,Miles,10/6/1976,*** - **3367,Washington
Alex Owen,Alex,Owen,10/7/1987,*** - **9252,Alabama
Michael Fowler,Michael,Fowler,08/8/1990,*** - **3995,Tennessee
Katherine Rose,Katherine,Rose,01/9/1976,*** - **0446,Minnesota
Daniel Waller,Daniel,Waller,04/3/1974,*** - **0011,Kentucky
Ronald Johnson,Ronald,Johnson,09/9/1973,*** - **8871,Delaware
Austin Gutierrez,Austin,Gutierrez,06/5/1979,*** - **0203,Vermont
Brandon Chang,Brandon,Chang,05/4/1984,*** - **6687,Alabama
Alexander Murphy,Alexander,Murphy,05/5/1984,*** - **0664,Utah
Stephanie Mendoza,Stephanie,Mendoza,03/2/1977,*** - **8308,Vermont
Gregory Moore,Gregory,Moore,02/0/1982,*** - **6226,Massachusetts
Jonathan Mendoza,Jonathan,Mendoza,12/0/1989,*** - **0262,Maryland
Michelle Phillips,Michelle,Phillips,09/7/1988,*** - **2345,Oklahoma
Justin Morgan,Justin,Morgan,03/7/1976,*** - **5133,Michigan
Michael Hubbard,Michael,Hubbard,09/9/1978,*** - **8972,Connecticut
Travis Little,Travis,Little,05/4/1992,*** - **6995,Wyoming
Susan Kennedy,Susan,Kennedy,12/9/1988,*** - **4558,Maine
Emily Mcgrath,Emily,Mcgrath,11/0/1973,*** - **7640,Colorado
Sandra Griffin,Sandra,Griffin,11/3/1988,*** - **6533,Nevada
Jessica Sullivan,Jessica,Sullivan,01/7/1990,*** - **2665,Wyoming
Timothy Mendoza,Timothy,Mendoza,06/9/1980,*** - **2367,New Mexico
Amanda Pearson,Amanda,Pearson,08/5/1979,*** - **9832,Tennessee
Jeffery Burnett,Jeffery,Burnett,07/8/1984,*** - **4493,Kansas
Brian Williams,Brian,Williams,01/2/1986,*** - **5701,Montana
Randy Dorsey,Randy,Dorsey,05/9/1974,*** - **0360,Missouri
Duane Williams,Duane,Williams,10/4/1973,*** - **8818,Nevada
Colleen Beasley,Colleen,Beasley,08/2/1977,*** - **3286,Massachusetts
Brian Jackson,Brian,Jackson,12/1/1985,*** - **9597,Pennsylvania
Cynthia Price,Cynthia,Price,10/5/1991,*** - **6184,South Dakota
Donald Carter,Donald,Carter,07/6/1983,*** - **5922,Hawaii
Lisa Schmitt,Lisa,Schmitt,04/3/1976,*** - **5980,Tennessee
Dustin Nichols,Dustin,Nichols,06/7/1977,*** - **9015,Nebraska
Jay Brown,Jay,Brown,04/4/1980,*** - **8736,Texas
Beth Lynch,Beth,Lynch,02/3/1984,*** - **0814,Alaska
Mary Mitchell,Mary,Mitchell,01/0/1982,*** - **3602,Texas
Joshua Rush,Joshua,Rush,08/5/1986,*** - **2710,Georgia
Jillian David,Jillian,David,04/1/1973,*** - **4462,Hawaii
Anthony Delgado,Anthony,Delgado,09/9/1994,*** - **7837,Florida
Meghan Wilson,Meghan,Wilson,05/8/1988,*** - **4722,Hawaii
Andrea Montgomery,Andrea,Montgomery,12/3/1991,*** - **6315,Ohio
Megan Gray,Megan,Gray,10/2/1972,*** - **4006,New York
Sarah Brooks,Sarah,Brooks,06/7/1991,*** - **6948,Arkansas
Kaylee Clark,Kaylee,Clark,05/9/1992,*** - **0753,Wisconsin
Joseph Martin,Joseph,Martin,04/3/1992,*** - **5396,Arkansas
Donna Rose,Donna,Rose,04/0/1989,*** - **1960,Tennessee
Brandi Sawyer,Brandi,Sawyer,07/3/1979,*** - **9334,Rhode Island
James Torres,James,Torres,01/9/1986,*** - **5026,Delaware
Jonathan Malone,Jonathan,Malone,04/4/1984,*** - **9942,Minnesota
Christine Williams,Christine,Williams,08/5/1974,*** - **1974,Minnesota
Christopher Young,Christopher,Young,12/2/1988,*** - **1343,Nebraska
David Turner,David,Turner,02/3/1973,*** - **7108,Illinois
Gregory Estes,Gregory,Estes,10/4/1989,*** - **9235,Kansas
Shannon Vaughn,Shannon,Vaughn,12/7/1992,*** - **2444,Arkansas
James Mclaughlin,James,Mclaughlin,01/1/1981,*** - **1088,North Carolina
Michael Brown,Michael,Brown,01/3/1986,*** - **9682,Ohio
Jennifer Crawford,Jennifer,Crawford,07/1/1986,*** - **5861,Florida
Michelle Carr,Michelle,Carr,06/2/1978,*** - **2759,Connecticut
Andrew Love,Andrew,Love,05/7/1991,*** - **9696,Ohio
Anna Bennett,Anna,Bennett,06/0/1977,*** - **6909,Tennessee
William Watts,William,Watts,10/2/1989,*** - **6883,Minnesota
Cynthia Williams,Cynthia,Williams,12/3/1978,*** - **5994,New York
Bruce Miles,Bruce,Miles,01/1/1982,*** - **0969,Iowa
Amanda Wilson,Amanda,Wilson,05/3/1972,*** - **0767,Nebraska
Joshua Riley,Joshua,Riley,11/8/1983,*** - **4874,Indiana
Carla Torres,Carla,Torres,02/3/1987,*** - **7599,Connecticut
Mark Green,Mark,Green,06/4/1977,*** - **6893,Arizona
Stephanie Goodwin,Stephanie,Goodwin,02/5/1986,*** - **5702,North Carolina
Cameron Allen,Cameron,Allen,01/2/1986,*** - **8341,Idaho
Harold Li,Harold,Li,05/1/1983,*** - **2966,Georgia
Sara Curry,Sara,Curry,06/5/1984,*** - **1678,Idaho
Caroline Wyatt,Caroline,Wyatt,11/2/1979,*** - **7063,New York
Nicole Perez,Nicole,Perez,09/8/1982,*** - **1455,Montana
Jacqueline Garcia,Jacqueline,Garcia,01/1/1991,*** - **8953,North Carolina
Alexander Wright,Alexander,Wright,04/8/1979,*** - **7263,Minnesota
Heather Farrell,Heather,Farrell,01/1/1978,*** - **0338,Massachusetts
Joseph Fernandez,Joseph,Fernandez,06/1/1978,*** - **4971,Illinois
Timothy Chandler,Timothy,Chandler,03/6/1978,*** - **3897,New Mexico
Gregory Jackson,Gregory,Jackson,06/6/1973,*** - **0058,Wyoming
Thomas Patterson,Thomas,Patterson,05/6/1977,*** - **4561,Virginia
Timothy Suarez,Timothy,Suarez,01/2/1977,*** - **3073,Wisconsin
Jennifer Jensen,Jennifer,Jensen,03/9/1991,*** - **4293,Georgia
Andrew Hogan,Andrew,Hogan,06/8/1990,*** - **5943,North Dakota
Dale Hartman,Dale,Hartman,10/1/1993,*** - **9502,Maine
Jennifer Williams,Jennifer,Williams,02/7/1977,*** - **9054,Oklahoma
Antonio Perez,Antonio,Perez,02/9/1980,*** - **4115,North Carolina
Joshua Hicks,Joshua,Hicks,01/7/1985,*** - **4786,Kansas
Edward Thompson,Edward,Thompson,08/1/1994,*** - **8605,Ohio
Lee Zamora,Lee,Zamora,03/7/1979,*** - **3321,Utah
Wyatt Rivers,Wyatt,Rivers,02/7/1984,*** - **5135,Kentucky
Michelle Reeves,Michelle,Reeves,11/3/1972,*** - **1066,Pennsylvania
Joanna Hopkins,Joanna,Hopkins,04/7/1973,*** - **2714,Massachusetts
Joseph Mitchell,Joseph,Mitchell,05/8/1980,*** - **7441,Virginia
Ariel Ray,Ariel,Ray,09/1/1972,*** - **2732,Oregon
Shawn Murray,Shawn,Murray,10/0/1990,*** - **5217,Mississippi
Jose Spears,Jose,Spears,03/1/1976,*** - **2675,New Hampshire
Caroline Mayer,Caroline,Mayer,05/3/1973,*** - **2487,Wyoming
David Weaver,David,Weaver,08/1/1976,*** - **2750,Maine
Kelly Sullivan,Kelly,Sullivan,04/2/1988,*** - **7284,Nevada
Kyle Ramirez,Kyle,Ramirez,05/0/1984,*** - **2839,Washington
Carrie Davis,Carrie,Davis,06/0/1984,*** - **6558,Washington
Catherine Martinez,Catherine,Martinez,04/8/1990,*** - **6917,New Mexico
Amanda Lewis,Amanda,Lewis,12/5/1988,*** - **0504,Montana
Katherine Bailey,Katherine,Bailey,03/4/1994,*** - **3545,West Virginia
Rodney Smith,Rodney,Smith,05/8/1975,*** - **3105,New Hampshire
Savannah Saunders,Savannah,Saunders,05/2/1984,*** - **2473,Iowa
Claudia Oneal,Claudia,Oneal,04/1/1987,*** - **9008,Texas
Roy Johnson,Roy,Johnson,03/0/1984,*** - **6344,Alaska
Michelle Smith,Michelle,Smith,07/8/1982,*** - **6834,Nevada
Amanda Haney,Amanda,Haney,04/1/1983,*** - **9019,Iowa
Theresa Fletcher,Theresa,Fletcher,10/2/1992,*** - **0535,Virginia
Debra Green,Debra,Green,07/0/1988,*** - **5376,South Carolina
John Cox,John,Cox,12/1/1985,*** - **7739,Ohio
Beth Harris,Beth,Harris,12/2/1982,*** - **5871,Rhode Island
Erica Mcconnell,Erica,Mcconnell,07/1/1981,*** - **0878,Massachusetts
Kimberly Johnson,Kimberly,Johnson,01/2/1992,*** - **4304,Pennsylvania
Kyle Aguirre,Kyle,Aguirre,10/4/1973,*** - **4469,Nebraska
Nicole English,Nicole,English,04/0/1977,*** - **9164,Hawaii
Bonnie Turner,Bonnie,Turner,04/1/1973,*** - **0208,Maryland
Maurice Gillespie,Maurice,Gillespie,09/7/1984,*** - **8509,Georgia
Corey Adams,Corey,Adams,10/8/1988,*** - **2578,Oregon
Brett Nelson,Brett,Nelson,06/0/1986,*** - **3049,Maryland
Melody Nelson,Melody,Nelson,01/3/1979,*** - **1931,Virginia
James Young,James,Young,04/2/1980,*** - **8557,Maine
Robert Smith,Robert,Smith,04/4/1994,*** - **0748,Mississippi
Caroline Larson,Caroline,Larson,05/5/1990,*** - **7178,Louisiana
Megan Robinson,Megan,Robinson,03/4/1973,*** - **1601,West Virginia
Shawn Edwards,Shawn,Edwards,01/9/1978,*** - **4865,Louisiana
David Evans,David,Evans,09/5/1977,*** - **6773,Washington
Julie Price,Julie,Price,01/0/1993,*** - **3599,Pennsylvania
Briana Webster,Briana,Webster,02/8/1978,*** - **3704,Pennsylvania
Robin Oconnor,Robin,Oconnor,02/7/1978,*** - **0782,New Hampshire
Albert Davidson,Albert,Davidson,01/0/1975,*** - **9182,California
Mark Chen,Mark,Chen,04/2/1989,*** - **3553,Wyoming
Elizabeth Lynn,Elizabeth,Lynn,02/5/1992,*** - **8647,Massachusetts
Tracy Gonzalez,Tracy,Gonzalez,11/1/1983,*** - **4059,Wyoming
Patricia Fletcher,Patricia,Fletcher,06/0/1979,*** - **2311,Rhode Island
Tammy Salinas,Tammy,Salinas,12/9/1980,*** - **3850,North Carolina
Roger Wright,Roger,Wright,03/4/1974,*** - **3080,Missouri
Kelly Castillo,Kelly,Castillo,04/3/1992,*** - **7622,Washington
Charles Kelley,Charles,Kelley,04/4/1993,*** - **1133,Oklahoma
David Johnson,David,Johnson,06/3/1985,*** - **9729,Delaware
David Cervantes,David,Cervantes,01/8/1983,*** - **0082,Washington
Valerie Lopez,Valerie,Lopez,04/0/1983,*** - **0441,Alabama
Sarah Hayes,Sarah,Hayes,11/0/1984,*** - **8195,Connecticut
Christina Arnold,Christina,Arnold,10/0/1979,*** - **2313,New York
Cynthia Bennett,Cynthia,Bennett,11/6/1973,*** - **7899,Maryland
Michelle Huang,Michelle,Huang,04/9/1983,*** - **8363,Utah
Amanda Dodson,Amanda,Dodson,03/4/1973,*** - **6056,Kansas
Jeff Hawkins,Jeff,Hawkins,08/0/1992,*** - **5606,Illinois
Patrick Taylor,Patrick,Taylor,07/9/1991,*** - **5595,Missouri
Elizabeth Howard,Elizabeth,Howard,11/5/1984,*** - **2641,Arizona
Noah White,Noah,White,04/0/1977,*** - **0897,South Carolina
Caroline Jackson,Caroline,Jackson,12/9/1983,*** - **4102,Delaware
Andrea Wright,Andrea,Wright,06/5/1978,*** - **8386,Ohio
Sara Smith,Sara,Smith,01/2/1983,*** - **9188,Tennessee
Jennifer Rodriguez,Jennifer,Rodriguez,04/3/1974,*** - **2538,New Mexico
Deanna Terrell,Deanna,Terrell,02/5/1990,*** - **5743,Oklahoma
Kristina Summers,Kristina,Summers,02/7/1989,*** - **3058,Oregon
Laura Mercado,Laura,Mercado,04/5/1974,*** - **9514,Michigan
Matthew Kane,Matthew,Kane,11/7/1990,*** - **9385,Pennsylvania
Tamara White,Tamara,White,05/0/1980,*** - **6614,Florida
Samantha Thompson,Samantha,Thompson,06/4/1976,*** - **9230,New York
John Mcmillan,John,Mcmillan,03/2/1983,*** - **7301,Nevada
Andrea Webb,Andrea,Webb,12/1/1985,*** - **7815,Virginia
Lori Odonnell,Lori,Odonnell,10/2/1989,*** - **2415,Kansas
Ronald Huerta,Ronald,Huerta,12/3/1973,*** - **6058,Oklahoma
Chelsea Foster,Chelsea,Foster,03/6/1974,*** - **4094,Alaska
Daniel Lopez,Daniel,Lopez,09/7/1989,*** - **2639,Arkansas
Jonathan Jones,Jonathan,Jones,01/3/1977,*** - **7798,Minnesota
Jessica Gaines,Jessica,Gaines,04/3/1981,*** - **9332,Colorado
Timothy Morris,Timothy,Morris,06/6/1981,*** - **2962,Wyoming
Donna Campbell,Donna,Campbell,07/4/1993,*** - **2369,Nevada
Tonya Martinez,Tonya,Martinez,09/4/1972,*** - **7702,Iowa
Pamela Moore,Pamela,Moore,02/0/1980,*** - **9532,New Jersey
Michelle Ali,Michelle,Ali,05/5/1993,*** - **3823,Kansas
Alexander Gibson,Alexander,Gibson,10/7/1983,*** - **1036,Colorado
Jay Smith,Jay,Smith,03/6/1985,*** - **6315,Connecticut
Teresa Watkins,Teresa,Watkins,07/7/1972,*** - **5707,New York
Bradley Guzman,Bradley,Guzman,05/8/1980,*** - **2817,Wyoming
Rhonda Young,Rhonda,Young,06/3/1979,*** - **2336,Nebraska
Brandon Davis,Brandon,Davis,07/2/1977,*** - **1621,Arizona
Brandon Farmer,Brandon,Farmer,08/0/1980,*** - **2601,Texas
Barbara Murphy,Barbara,Murphy,10/0/1989,*** - **9225,Arkansas
James King,James,King,04/1/1978,*** - **1432,Alaska
Drew Kelly,Drew,Kelly,03/5/1993,*** - **3264,Washington
Virginia Wise,Virginia,Wise,02/8/1982,*** - **8887,Oregon
Mary Hernandez,Mary,Hernandez,01/9/1990,*** - **5268,New York
Ryan Russell,Ryan,Russell,01/6/1975,*** - **3828,Hawaii
Amanda Smith,Amanda,Smith,08/5/1989,*** - **3579,Delaware
Morgan Dunn,Morgan,Dunn,07/3/1980,*** - **1601,Arizona
Kimberly Shaw,Kimberly,Shaw,06/1/1973,*** - **7577,Massachusetts
Kathleen Klein,Kathleen,Klein,01/5/1990,*** - **3388,New Mexico
Diana Meyers,Diana,Meyers,09/3/1972,*** - **4296,Tennessee
Logan Smith,Logan,Smith,03/6/1990,*** - **0194,Minnesota
Tracy Martin,Tracy,Martin,05/3/1975,*** - **0726,Alaska
Edwin Martin,Edwin,Martin,02/3/1988,*** - **9168,Missouri
Kelly Moran,Kelly,Moran,07/4/1976,*** - **0670,Nevada
Robert Smith,Robert,Smith,01/2/1987,*** - **2300,Idaho
Jane Martinez,Jane,Martinez,01/0/1991,*** - **3977,Arizona
Denise Castillo,Denise,Castillo,10/0/1983,*** - **0042,Louisiana
Jonathon Brock,Jonathon,Brock,04/0/1980,*** - **9917,Colorado
Amanda Franco,Amanda,Franco,09/4/1994,*** - **5413,Alaska
Heather Robinson,Heather,Robinson,11/0/1985,*** - **1929,Minnesota
Kathryn Stout,Kathryn,Stout,08/4/1987,*** - **9637,Iowa
Cory Hopkins,Cory,Hopkins,03/3/1977,*** - **9491,Alaska
Ryan Snyder,Ryan,Snyder,07/4/1982,*** - **9330,Massachusetts
Sara Walker,Sara,Walker,08/6/1985,*** - **5423,Nebraska
Daniel Garcia,Daniel,Garcia,04/1/1979,*** - **3001,Wisconsin
Paul Evans,Paul,Evans,06/5/1977,*** - **4302,Minnesota
Elizabeth Olson,Elizabeth,Olson,01/2/1976,*** - **7163,Massachusetts
Ann Romero,Ann,Romero,10/7/1989,*** - **4046,Delaware
Thomas Jensen,Thomas,Jensen,02/3/1991,*** - **3430,Ohio
Brian Davila,Brian,Davila,07/5/1982,*** - **3711,Delaware
Donna Howard,Donna,Howard,03/1/1990,*** - **7432,Mississippi
Kimberly Massey,Kimberly,Massey,01/1/1981,*** - **4649,Missouri
Jeremy Cross,Jeremy,Cross,11/2/1987,*** - **4632,Hawaii
Dennis Thomas,Dennis,Thomas,06/1/1989,*** - **5032,Indiana
Kenneth Martin,Kenneth,Martin,08/4/1989,*** - **4681,Michigan
Tyler Brewer,Tyler,Brewer,06/8/1972,*** - **9006,Hawaii
Scott Brooks,Scott,Brooks,02/4/1972,*** - **4958,New York
Derrick Fritz,Derrick,Fritz,12/5/1982,*** - **0071,Iowa
Christine Munoz,Christine,Munoz,11/7/1974,*** - **0149,Missouri
Julie Robbins,Julie,Robbins,11/3/1976,*** - **4571,Indiana
Rachel Cook,Rachel,Cook,03/3/1982,*** - **9042,New Mexico
Kyle Hoffman,Kyle,Hoffman,12/5/1984,*** - **7692,Montana
Nancy Nguyen,Nancy,Nguyen,07/5/1976,*** - **3939,Virginia
John Wells,John,Wells,05/5/1993,*** - **3026,New Hampshire
Robert Ellison,Robert,Ellison,07/6/1979,*** - **9579,Nebraska
Keith Robinson,Keith,Robinson,04/5/1978,*** - **3579,North Carolina
Dennis Osborn,Dennis,Osborn,11/5/1973,*** - **3531,Massachusetts
Ronald Hays,Ronald,Hays,12/1/1993,*** - **6430,Texas
Leslie Brown,Leslie,Brown,06/5/1973,*** - **1806,New Jersey
Maria Chapman,Maria,Chapman,12/0/1973,*** - **7300,Oklahoma
Melissa Torres,Melissa,Torres,03/2/1981,*** - **6921,New Mexico
Joshua Weaver,Joshua,Weaver,11/0/1982,*** - **7030,Iowa
Crystal Martin,Crystal,Martin,08/9/1993,*** - **0679,Maine
Sheri Ball,Sheri,Ball,08/4/1991,*** - **7548,Arizona
Steven Ritter,Steven,Ritter,02/1/1986,*** - **8004,Ohio
Linda Krause,Linda,Krause,12/2/1978,*** - **4382,South Dakota
John Myers,John,Myers,07/5/1989,*** - **1869,New Jersey
Mark White,Mark,White,09/9/1992,*** - **7830,Idaho
Diana Smith,Diana,Smith,12/2/1973,*** - **3506,Illinois
Karen Lyons,Karen,Lyons,06/9/1990,*** - **9081,Oklahoma
Laura Glenn,Laura,Glenn,10/0/1992,*** - **1468,Texas
Diana Spence,Diana,Spence,09/0/1983,*** - **4751,Massachusetts
Samantha Farley,Samantha,Farley,07/0/1977,*** - **2351,Washington
Kayla Mitchell,Kayla,Mitchell,10/3/1975,*** - **9155,Wisconsin
Crystal Myers,Crystal,Myers,12/1/1980,*** - **6532,Ohio
Brooke Jones,Brooke,Jones,04/9/1979,*** - **2606,Tennessee
John Mueller,John,Mueller,03/2/1987,*** - **7849,Maryland
Karla Rosales,Karla,Rosales,07/0/1983,*** - **1729,Illinois
Jennifer Brown,Jennifer,Brown,08/3/1977,*** - **0700,Massachusetts
Blake Jimenez,Blake,Jimenez,09/0/1977,*** - **3810,Kansas
Michael Garcia,Michael,Garcia,11/5/1980,*** - **4294,Illinois
Jermaine Quinn,Jermaine,Quinn,12/4/1989,*** - **1754,California
Patricia Cruz,Patricia,Cruz,04/2/1976,*** - **3822,Indiana
Cameron Mcintosh,Cameron,Mcintosh,02/1/1975,*** - **8921,Nevada
Michelle Brewer,Michelle,Brewer,06/0/1988,*** - **6836,Oklahoma
Hannah Nolan,Hannah,Nolan,09/5/1978,*** - **1332,Oklahoma
Erica Johnson,Erica,Johnson,05/7/1978,*** - **9413,Louisiana
Jeremy Obrien,Jeremy,Obrien,01/3/1982,*** - **7592,Oregon
